subject,theta_rest,alpha_rest,ratio_rest,pci_rest,conv_rest,n_epochs_rest,theta_task,alpha_task,ratio_task,pci_task,conv_task,n_epochs_task,pci_imagery,ratio_imagery,pci_rest_eo,ratio_rest_eo,pci_rest_frontal,ratio_rest_frontal,pci_task_frontal,ratio_task_frontal
1,5.900391064574124,10.11282642663494,1.7139247748089492,1.0930449027382205,4.212435362060817,15,5.731999006878483,10.687231689389238,1.8640878613866234,-0.5996237895622476,4.955232682510755,20,-0.9949346372080797,1.8968864072057632,-0.4177163411644547,1.8483353003528764,0.7845928762248066,1.7377157280287414,-0.46089209499403166,1.8480135019059785
2,6.268984856015274,10.93582649341939,1.7444333882743621,0.704036355815525,4.666841637404115,15,5.992333700614912,11.212299465000154,1.8711234215474506,-0.6753047321009404,5.219965764385242,30,-0.3994319332537041,1.8464139651095126,-0.23553747038065878,1.8314054117698384,3.8431984323329096,1.6096712079089515,-0.44203922471713164,1.8442155501781565
4,6.058125425589753,10.576352364072411,1.7458127095549218,0.6877713350492,4.518226938482658,15,5.773756851314273,10.247431486088512,1.7751244239360648,0.36313715114486,4.473674634774239,30,0.2734944330884455,1.7830641349028657,-0.45654830716297856,1.851871678617305,-0.20001117669940424,1.8280529442302298,-0.1920919598018494,1.8272427400141271
5,5.786524417998622,10.57884484303406,1.828186330663226,-0.20142213360613812,4.792320425035438,15,5.746707050356003,10.34822012373242,1.8036458048644493,0.06575908519885415,4.601513073376417,30,0.45497922371359667,1.7669294051528768,1.2847802479950339,1.7008203923080525,1.0399654558765699,1.717786956207497,0.2544133507046796,1.7886692966428384
6,6.077034223130669,10.180503975998558,1.6752421661949979,1.7363829273363915,4.103469752867889,15,6.027308012979703,10.186023021487056,1.6908645487642324,2.0014601071712623,4.158715008507353,30,1.3177280433210414,1.6987072584746252,2.547107156579923,1.6457727690767576,0.5699718178601446,1.7560166617444408,-3.1043723836560426,1.9698100873407594
7,6.3367972924874225,11.017422499663805,1.7386420917591112,0.7733442927300415,4.680625207176383,15,5.922919004047332,10.507787859860773,1.7753738321982353,0.404409877423397,4.584868855813442,30,-0.05804929397998182,1.8145352432832864,0.40487548914752197,1.770874447892148,2.26160574861469,1.5736115342506087,-1.3276190198699358,1.919957643185254
8,6.193421326094397,9.768386522219556,1.577219763987791,2.3378218406490303,3.5749651961251594,15,6.3263472618105645,9.547571440938132,1.5125858202881466,2.0731684138904387,3.2212241791275678,30,2.096085227594066,1.659934223375045,1.8307182591077638,1.6708036360886291,3.4052501743839754,1.6049178485622737,1.077743980067738,1.652960833123637
10,6.275780025504985,9.594815984969598,1.5288642919248185,1.664604919888295,3.319035959464613,14,5.969087040270581,10.207293024857067,1.710033402792639,1.1485773637643164,4.238205984586487,23,0.6315841561239632,1.7571952756101468,1.00961134991438,1.7200402721839856,1.7485750720012685,1.5375592463163754,0.8318633930640629,1.7354208721105953
11,6.058635157443426,10.188928826328494,1.6817201500920111,1.6089637353370105,4.130293668885068,15,5.720666826964813,10.56390929812628,1.846644723456312,-0.39953136570037917,4.843242471161468,30,-0.6760263145896196,1.8695858721414758,0.167357755988008,1.7930729476148193,0.1369540132952275,1.7959594528265244,-0.8119805412840015,1.876308507781625
12,5.563900786931997,10.493623675834238,1.8860191936708761,-0.8549017047828222,4.929722888902241,15,5.446871100136805,10.166176167017444,1.866404796708545,-0.6320681764974695,4.719305066880637,30,-0.5846759331890719,1.8613104579898527,-0.11783537106367052,1.8202562691098174,0.42336962514258814,1.76918203035787,-2.775107177567322,2.0068851381369357
13,6.2605954535105175,9.673725776159928,1.5451766286440947,1.8314055902587196,3.413130322649411,15,5.919673869384145,10.292891861743716,1.7392812311336194,0.7982671949459622,4.37321799235957,6,-0.08940041887417782,1.8175146549052514,0.3299241093676227,1.777794744504004,3.1066864343929685,1.6001406889771221,0.11790329020190689,1.797874864032375
14,6.291849668402883,9.90989650004833,1.5750370753158582,2.2908735965684057,3.6180468316454464,15,6.419489114727986,10.355801096072554,1.6131195799276472,4.08812743445211,3.9363119813445677,30,2.472345028298604,1.6264920661275601,5.868715799456233,1.6191105730192754,1.4915769706472581,1.5071294825103414,2.2684229790104093,1.6385204758082417
15,6.17156239320899,10.628899757318164,1.722238078482995,0.9804129719248522,4.457337364109175,15,6.201661265459462,10.603081286846125,1.7098568016928164,1.1557178515998454,4.401420021386663,20,1.082771234039726,1.7146862725378267,2.1097196548227783,1.659345792112695,2.7974772586982355,1.6399820049591673,1.577918657120286,1.6845288722424328
16,5.917628152192415,10.860044565784257,1.835202261189854,-0.2759536054982498,4.942416413591842,15,5.927759567923717,10.086667207184993,1.7016108016429299,1.2746044970293937,4.158907639261276,30,1.8624286171858366,1.6699670084018385,1.2461039157389893,1.703355760429874,3.128090982712682,1.600536974972302,-0.00995012118540374,1.8099623499138389
17,5.833419799395532,10.743489610851967,1.8417137768766827,-0.3458105789045309,4.9100698114564345,15,5.742951370226885,10.471433983871288,1.8233541099021349,-0.15042322001476136,4.7284826136444025,12,0.33004675773827646,1.7779604248743426,-0.2528628685568136,1.8330354084954747,0.2035911539269871,1.7896426441401947,-0.7518873035320964,1.8776141916606683
18,5.707777413475239,10.303143608397384,1.8051060617874042,0.04096154407752425,4.595366194922145,15,5.520620104855427,10.558487741371867,1.9128278649926223,-1.2785605401825468,5.03786763651644,30,-0.5087779849188634,1.8565751435708568,-1.4941969806678739,1.9299884493985517,0.6447298713952764,1.7494983360464123,-1.879036650130345,1.9422128223201602
19,5.5528368543481745,10.010592624524918,1.802788896397357,0.06524462368828768,4.457755770176743,15,5.92337067167114,10.057870990241604,1.6982617938137192,1.349719945887259,4.134500318570463,19,0.6052542571286822,1.7529259391984064,-0.1581992493496401,1.8240922508390311,-0.023258262147800544,1.8112378606669495,-1.591977342006936,1.935392094849584
20,5.786024564904646,10.763224432704328,1.8602106354662022,-0.5495306543754275,4.9771998677996825,15,5.765388069663178,10.025830961669982,1.7398768931026671,0.8190692296576798,4.260442892006804,30,0.43054478878420255,1.7685276629798001,0.3746780037464379,1.773651195465031,1.2225414618998982,1.7049272493938752,-0.7336814840931909,1.8755017516816705
21,5.965819495133718,9.804780409480076,1.643492636255216,2.6392994259245692,3.838960914346358,12,5.908719268930265,10.396642953743093,1.759611329667114,0.5350992092596201,4.487923684812829,30,0.16173458224163562,1.7940394287081056,-0.3215392011375646,1.839459426266546,4.705193434080512,1.6214590889278786,-0.4487064084606417,1.85013168252044
23,5.768736978178885,10.16524052070856,1.762125844731717,0.5012907894778806,4.396503542529675,14,5.563666950472264,10.601529328063064,1.9054756577651573,-1.1140979275994678,5.0378623775908,10,0.1923925786774249,1.7913099433981947,-0.5624357872637745,1.861352429096261,0.2687097180961884,1.7835107879826808,-0.9085934440550283,1.8899841463307179
24,6.351117334751454,9.39792022285857,1.4797270665172415,1.3248782562455486,3.0468028881071163,15,6.339933017695177,9.945344985518581,1.5688542107867502,2.2468356747847684,3.6054119678234025,30,2.2279572279938,1.5706095236577764,2.5797926606970334,1.5867109270446322,0.9319889096562636,1.3699324363353242,-1.2012706868681398,1.9045633889134295
25,6.142493439254367,10.433358157638859,1.698554220825567,1.3200816801149615,4.2908647183844915,15,5.823009985866099,10.437754020032498,1.7929931886775563,0.17330137233510093,4.6147440341663994,30,1.5092466939691322,1.6936708638218618,0.22052998933683277,1.788043187884794,1.3987588164288944,1.4928062043673407,1.977460982833931,1.7051029203864534
26,6.173575145942919,10.006450011459373,1.6208517390503137,4.901988517671906,3.8328748655164544,15,5.745312237041668,10.222851769220513,1.7798025933481076,0.3143772429301893,4.477539532178845,30,3.383068528793486,1.640309488205073,1.8000622025034476,1.6722133820690748,4.0065230535818275,1.610954705104352,-2.040649809744525,1.9447462738322367
27,6.35276582590502,10.88146308506136,1.712870170767105,1.107783476844887,4.528697259156341,15,5.825193571522593,10.819274043471797,1.8591523427618544,-0.7589941438484806,4.9940804719492045,10,-0.9499003392855311,1.8831515317507432,-0.36159336983145307,1.843174720955927,0.6506436491244003,1.7489889376169725,-1.1294553023886975,1.892121915936863
28,6.43679587095077,9.608348580368986,1.4927222756482645,1.3982542954081276,3.171552709418216,14,6.305481790766026,9.646368505091047,1.5298384525061248,1.6735200014676772,3.3408867143250207,4,4.566795055553007,1.626722022492746,1.0477491723669554,1.7172143495866719,2.358853337916817,1.5781578616561234,0.41286986610681486,1.7701420908052972
29,6.095560287975843,9.62977870683553,1.5798020611544632,2.397054915771077,3.5342184188596875,15,6.003355716624087,10.473553259578658,1.7449805028554657,0.7130499031594654,4.47019754295457,30,0.6791531365439039,1.747566861473632,0.0976434731192085,1.7997002735380947,1.5753842961920312,1.5183715742881725,1.4112306074723229,1.65184834995384
30,6.6751343713087445,10.015214916601675,1.5003765256995216,1.4460772158337019,3.3400805452929303,15,6.0355918239098365,10.286001032969061,1.7042610320231766,1.2417557706194167,4.250409209059224,30,2.142245203010743,1.566029391071467,1.9690819578405452,1.6648200611636628,1.231435204915208,1.4605964529094184,0.055183789931815885,1.8045577765017855
31,6.766422966184186,9.001147824454524,1.3302667996722313,0.8447276426433488,2.2347248582703374,15,6.7345784269387545,9.126623639437305,1.3552655621061152,0.8979378336634123,2.39204521249855,30,0.8393485355340004,1.3265541695892642,0.8759827432619113,1.3454413811028154,1.2119230758939823,1.4561798596506568,1.2079126628337578,1.4545354917699647
32,5.89954910166442,10.387968546492901,1.7608072019541592,0.5160124634127209,4.488419444828481,14,5.40515936144126,10.078390518342061,1.8645974840623558,-0.599465703714714,4.673231156900799,17,-0.3466849860320852,1.841794821889476,-0.016839727755802177,1.8106250072859356,-0.10945393189624532,1.8194584926634652,-0.21385721512474098,1.8290674314666349
33,5.681622726848218,10.906613924350191,1.919630086104018,-1.3224487953639983,5.224991197501973,15,5.6445264864572655,10.313668395820487,1.8272638190170287,-0.19208433161638427,4.669141909363222,30,-0.11508631101651448,1.8199945924331207,-0.0718272302249957,1.8158729372150475,-1.1880403657679606,1.9107690736700595,-0.5066611940872631,1.8563702684278187
34,6.058949585154778,9.940067747420905,1.640559573523334,2.769896687021881,3.8811181622661266,15,5.8102747141987034,9.733738690141783,1.675504591875623,1.970732653262249,3.923463975943079,30,1.8350971970708079,1.6308367694237114,7.040614282428451,1.6176992505955052,1.8103557543574897,1.671736551704983,1.2758126305064006,1.7014033969021647
35,5.697248216166241,10.467197771297503,1.8372374476499511,-0.2977079299135258,4.769949555131261,15,6.039381129402973,10.113234408033554,1.674592109898693,1.891235600622144,4.0738532786305806,30,1.544099839515085,1.6854133523920098,0.8532023931798823,1.7321507326621097,-1.1640190393589112,1.9091158583217076,-0.7076135592869334,1.8698113859507122
36,6.16385518497071,10.32406658696362,1.6749365903561018,1.7426792073795407,4.1602114019929095,14,6.1979455081344605,10.203753173814402,1.6464608407717378,2.8046433087553067,4.005807665679942,13,1.6739401069665414,1.6784019094906577,-0.34473416000931284,1.8416139916083807,2.2900755021817143,1.653155093430131,1.779216670450272,1.6777313256026136
37,6.008642715090383,10.115928872522945,1.6835630527868353,1.574630232842895,4.107286157432561,15,5.7551313098589,10.200277207926156,1.7723559971131495,0.389542775614605,4.445145898067256,30,0.4212640554799299,1.7710798900041882,1.5324320809655525,1.685885713637457,1.3704491959919223,1.695400166051543,-0.35679939847672326,1.8424797716307102
38,5.889748000894222,10.711377088681262,1.8186477735643338,-0.10094044842229362,4.8216290877870405,13,5.8788114393828454,10.178034693298711,1.7323820869642446,0.9285578813948216,4.299223253915866,29,0.6092456985233152,1.753327673226842,1.2459013545601947,1.703369183492444,0.03543631535271029,1.8056334814259511,0.16836884295690274,1.7931586517836346
39,5.853500110445599,10.41899422415016,1.7799596869499352,0.3066731937696989,4.565494113704561,15,5.755687767433639,10.214082706067126,1.774830702886931,0.3631390398536385,4.458394938633487,12,-1.1360570912947183,1.924199267909961,0.2946613683598422,1.7810811736481147,1.4414336718563248,1.6911130378600545,1.6281565031332146,1.6998150606797033
40,6.0532225667158475,10.02792914100701,1.656626537432544,2.1857594484632346,3.9747065742911634,15,5.78279975190244,9.929879094400487,1.7171918785058522,1.0635951889378172,4.147079342498047,23,0.11371069138736425,1.7982217954119175,0.12401732612201716,1.7971895487799965,1.2836311289444466,1.7008949294349922,0.5492311507879188,1.7578749620291398
41,6.481379082914384,9.869878928232383,1.52280537860383,1.611643995594503,3.388499845317999,15,5.898999588909923,9.833604089909294,1.670057523598441,1.5488126950127379,3.9346045009993698,30,3.0064747311983417,1.6226580822606391,1.0037461282449687,1.7204793835918473,3.535764963895645,1.606570856190336,0.08574911288402992,1.8009061881591535
42,6.126369183416935,11.304091951946129,1.8451535670661883,-0.3830427849759075,5.177722768529193,15,5.729223012613922,11.482966884731628,2.004269138352411,-3.4081208099216056,5.753743872117706,30,-1.9710963945807456,1.9644650845117453,-3.050230018106928,2.018984203701666,-2.6283402795064363,1.9742797035974962,-2.5679675959194683,1.9673441496106796
43,5.702405043661163,10.421966088277223,1.8276439517151382,-0.1956860991645909,4.71956104461606,15,5.714812814690433,10.250443457721325,1.7936621530930377,0.16114580139423915,4.535630643030892,2,-0.024102831933343363,1.8113155718798826,0.14177041313399094,1.79550175372411,0.4674531037693221,1.7651746440358174,-0.992598516281027,1.8967167237572518
45,6.008971995682069,10.144642131849205,1.6882491945608913,1.490639273592502,4.1356701361671355,14,6.60542320669775,10.064828221797299,1.525799651049605,2.55286212924074,3.4594050150995486,12,1.5764184443830258,1.5158052813580085,2.2749165062456393,1.6536415404827445,3.865827123712605,1.6258703551505058,1.5258401058726423,1.5754452148047595
46,6.123690258026566,10.404079659452911,1.6989885544612364,1.313260208916034,4.280389401426345,15,4.585783011466392,9.063721762108035,1.9764829123935668,-2.7240588883806978,4.477938750641643,3,0.8947785399194849,1.7302270272025413,1.624981273144855,1.6808746690622405,3.7627605829878488,1.6267018057019853,-2.857523310370386,1.979261641242078
47,5.570011767212392,9.901512431155492,1.7776465912406634,0.3315184025680751,4.3315006639431,15,5.621851481885314,10.046127740324813,1.7869417636984277,0.23223163929068158,4.424276258439499,30,0.6996364728880167,1.7450764390586424,1.2840999052859463,1.7008645165956555,1.3455834237252757,1.696945632711048,0.45125296457890046,1.7668466215457515
48,6.529557157897969,9.695222388729041,1.4848208162175245,1.352564123722579,3.165665230831072,15,6.925589631832071,9.4318521919843,1.3618843583559588,0.9127577559592295,2.506262560152229,6,1.3478754669056765,1.4801756583408487,1.0616921850251588,1.4160701483207594,0.9832591204747043,1.3897430081059727,0.9949037562833544,1.3939365586818013
49,5.728776824952912,10.379066657689288,1.811742187700705,-0.028540532189223523,4.650289832736376,14,5.57801222110083,10.347029222080366,1.8551055636468157,-0.4935056892355427,4.769017000979535,25,-1.5841458915771967,1.934979100436946,-0.26921363102084006,1.8345704603112196,-1.2140337137497443,1.9125343249715285,-0.4455458409279818,1.849272496308662
50,6.094931698560804,10.352097486577545,1.6984763732499226,1.3213071694326881,4.257165788016741,15,5.956141518906612,10.621527838975211,1.783292790720253,0.2710534154401093,4.6653863200686,30,0.4826358698118284,1.7638480432020454,0.13016373182949387,1.7966049833728535,1.7747967801888098,1.6733987459666675,0.1726174445149229,1.7925763042077727
51,5.511167612176987,10.351134380049213,1.8782107728275703,-0.7590694342182287,4.839966767872227,15,5.696186921176141,10.442903797454857,1.8338145312845255,-0.26496547269870724,4.746716876278716,30,-0.43676803896142846,1.847402248850277,-0.9707990356396015,1.8950658137784184,0.11480099033453087,1.7980664992679118,-0.442626169022849,1.8406381749071388
52,6.564656335777299,9.87621745894095,1.5044530823518791,1.4731466220928675,3.311561123163651,10,5.943745393101512,9.867663698553816,1.6601543303878037,2.1152146668765996,3.9239183054523035,17,2.369454372585232,1.5703917045924327,2.9217486519479072,1.637548197514896,2.169035038508995,1.657210646021373,1.081997770052713,1.71540338924766
53,6.022539871864416,10.34511338196004,1.7177326513502136,1.0407024040465263,4.322573510095624,10,6.0942803155604075,10.316667928665947,1.6975637151852436,1.4099168624367677,4.222387613105539,4,,,,,2.1233151339995042,1.6588475463935233,1.3522664956876078,1.7078782415924199
55,6.467804997753408,9.840055070315715,1.5213901893662005,1.5998536256437856,3.3722500725623075,15,5.557202542255499,10.593884640555894,1.9065525331717779,-1.160970414986957,5.036682098300394,30,-1.1528120370185908,1.904506125559507,-0.0075113555441139205,1.809734261631638,1.7342106042243233,1.536145311775174,-1.114044876588238,1.9021729625495956
56,6.490784667423222,9.650975294432548,1.4868734350208987,1.3641003563503498,3.1601906270093263,15,6.085021168386678,10.124655293350362,1.6641400198988046,2.02092244662396,4.039634124963683,17,2.6261962212472136,1.5683184807964703,1.904711272719538,1.6675276853347136,1.3086644673448111,1.4766293719471135,0.604950081632266,1.7541711235429363
57,6.008486035187517,10.157785376657603,1.6905731855197017,1.4505945395824869,4.149299341470086,15,5.708749068779453,9.992566493080128,1.75053591579085,0.633780370053473,4.283817424300675,28,1.8838826201473355,1.6716650420205403,1.0990158886654393,1.7134965892013516,3.604911233273696,1.6073581114531146,1.93924641848881,1.6663529305566707
58,5.793309939048197,10.28733422992827,1.775726542885156,0.3522188205085877,4.4940242908800725,15,6.12605696184235,10.53929836515186,1.7204843094428788,1.0086821032897697,4.4132414033095095,30,0.7926413228675268,1.7371945936053397,0.367900276861299,1.7742766073437883,-0.11642198637681923,1.8201217647358878,-0.48827173778499433,1.8547342214929476
59,6.129623128303383,10.536055216012631,1.7188748794950635,1.0252559033988249,4.406432087709248,15,5.9959363526234455,10.65124113700865,1.777424253072273,0.3940793101069858,4.655304784385205,23,0.3489903553476009,1.7764775278487501,0.3522420464640319,1.7757243923969999,0.8515287298167158,1.7322847094064502,0.4997936112936552,1.7663395591310387
60,6.178390648246969,10.062058528752313,1.6285889160484341,3.560716698769788,3.883667880505344,15,6.224285614364504,9.859048932756519,1.5851935278223115,3.4159649141578377,3.634763318392013,5,2.5320156447132596,1.5850456950953342,1.9391094118640932,1.6660645835065093,1.5304424941638093,1.6859968011498518,0.9492541513741788,1.7247890353860382
62,5.718403878691521,10.42667615565129,1.8233542745212867,-0.1504249536992289,4.708272276959769,15,5.720050655377339,10.427580731766461,1.823069993045549,-0.14861712390594675,4.707530076389124,29,-1.5946094439917782,1.930658262848945,-1.2797226323909319,1.916885173258147,-0.0353847763408985,1.8123955873287176,0.09201476683870109,1.8004094185108617
63,5.769737539717254,10.22840808696548,1.772768348049801,0.38426015460808904,4.458670547248226,15,5.813265413333918,10.455009928695667,1.798421134670131,0.11129291528621596,4.641744515361749,30,0.39650549311513406,1.7756168863533381,0.5148644449804917,1.7609098573682551,1.3911996175519874,1.6941278495068048,-0.46399110518260844,1.8520647044997833
64,5.781101663868828,9.940078426104133,1.719409033788213,1.018071015899188,4.158976762235305,15,5.760598423304483,10.112406980333567,1.7561095498279835,0.6073582959177842,4.351808557029083,30,1.0900070564816473,1.7264771508784258,-0.035958344264213064,1.8124503407715635,0.968400055400616,1.723150851679989,0.15186063420581572,1.7951276911568623
65,6.464940854890458,9.80571000311282,1.516751695523279,1.5626190089157386,3.3407691482223614,13,6.1981859410381785,9.984069694652735,1.6106887296548544,3.2461895928101674,3.7858837536145558,15,2.92820100979067,1.5964180024262347,2.017515001226897,1.559446789320623,0.9117032900545422,1.361432567626075,2.3152347775574276,1.6740052089628525
66,6.046907182334615,9.885883394697002,1.6348660722918884,3.076977411682779,3.838976212362387,15,6.381657555931651,9.914549832984125,1.557048450225317,2.1965193324584917,3.5328922770524755,30,1.5433977609421585,1.685511002942011,-0.33665843952976227,1.840864781928749,1.9305905299451376,1.6664234414237848,1.6537376270038533,1.6808268434124298
67,5.813205862445312,10.430978580912557,1.7943590555254807,0.1538023982292765,4.617772718467245,15,5.7215240214895715,10.630566514871537,1.8583915983279904,-0.5556475388628939,4.909042493381966,30,-0.1207015088367152,1.8203199211876746,-0.09948348764683013,1.818508994907165,-0.7043156511888744,1.8736242198089346,-1.5663853886506547,1.9336542112022377
68,5.8591516152874465,10.21676373353665,1.7437274889558259,0.7123949690955844,4.357612118249204,15,5.67391577120882,10.190629957501333,1.7961694765167528,0.1357878253991335,4.5167141862925115,19,2.924803078397326,1.6568480783984039,0.8593049685298965,1.731662986454925,0.6154912839636058,1.752030561467013,3.2440063546669515,1.6494950125855277
69,5.466890419281363,10.277894743142456,1.8800257467925454,-0.7810358822568695,4.811004323861093,15,5.475482296819443,10.219961085081161,1.8667484488336736,-0.6356315155478061,4.744478788261718,30,-1.079920245746486,1.8973616554470147,-1.4255316699150025,1.9259765696147801,0.013493468802612998,1.8077285023108158,-0.8815372401126413,1.8881233398261394
70,5.973788787582974,9.835691419749654,1.6464745858095908,2.5201377774197518,3.8619026321666805,15,5.911946003576643,10.359870735266682,1.752377459188547,0.6126057197207602,4.447924731690039,17,0.8658957062700484,1.7311607447621604,0.599172073664992,1.7534535954584312,1.5554207581024113,1.684612467667201,0.7412186971179131,1.7460535025229285
71,6.466513316731918,9.877815891220175,1.5275335265546597,1.6526118309225772,3.411302574488257,15,6.241723541927941,10.250036267848756,1.6421794227115094,2.6959965582418404,4.008312725920815,30,2.9675511075699363,1.6379272034865393,1.29503557399245,1.7001573332900048,1.8438242532740348,1.5462448254061216,2.169342238553896,1.6612041069691323
72,6.357052110837928,9.248458648350017,1.4548344872905203,1.206116053860666,2.891406537512089,15,5.552603294036751,10.341205107221588,1.8628882604831052,-0.6044036385132766,4.788601813184838,30,-0.2309137701276306,1.8307693612869607,-0.6148223229897658,1.8659452288564662,2.391896533794582,1.6500399587034245,-2.767806312771145,1.9732168459225439
73,5.993347637491059,10.597029206095185,1.7681319100874522,0.43488074197515625,4.6036815686041255,15,6.1028448819804915,10.273715757396623,1.6840165174649506,1.8590273421150982,4.17087087541613,30,0.6470021084025177,1.7523035333679706,1.1659141541815468,1.7087869411594894,4.087524747493633,1.6115149300682055,-0.951654645368113,1.8928494948623953
74,5.820944130659212,10.250237712789776,1.7609235688762663,0.5147111312676209,4.429293582130564,15,5.933143680801346,10.408803865480692,1.7548784316328392,0.6314460354728124,4.475660184679345,30,0.7762804562859585,1.7412739648928712,1.664984895095671,1.678802477305856,0.9329126737064036,1.7258760454884792,0.20802713465515377,1.7902060235328623
75,6.49850429686758,9.258079118481051,1.424647687459966,1.0902928210854608,2.7595748216134712,12,6.8175374929147745,9.577029970434118,1.4056018776486834,1.0353493717260438,2.759492477519345,10,1.0144531081339532,1.400366584395575,1.3919977139826953,1.4916756188539497,1.4438882497886387,1.5000390478396415,1.1507679683512575,1.4394418385751167
76,6.050953638138869,10.392824365675454,1.7175514781951036,1.043162908245351,4.341870727536585,15,5.603183988712735,10.48013857892455,1.8703542730663512,-0.669106979750516,4.876954590211814,30,1.097607674817741,1.7235990276155535,0.4774153341994093,1.764274504927659,0.9108419419679419,1.7275923756972653,-3.3884010655588197,2.0025410103430534
78,6.483465511616973,9.791082301844117,1.5101618546903055,1.5131284390276463,3.3076167902271445,15,5.9008962802987,10.290584014302041,1.7440224347094184,0.7165072013709627,4.389687734003342,30,0.7523419419309347,1.7550906136333029,0.9073844777008664,1.7278627202633656,1.3944589896337138,1.4920886598033507,-0.04385909655409586,1.8131871400295396
79,6.323501920635014,10.29415986548684,1.6279207304254424,3.627912286941296,3.970657944851826,15,5.911381437975984,10.302969986516342,1.7429039378727702,0.7221770089658979,4.391588548540358,11,-0.10879172003467638,1.8193954449343155,0.17925752119308683,1.7919451144167289,1.9560635785616014,1.555122017365083,1.9543883504340107,1.6654266664737571
80,6.127176728413911,10.428744639320717,1.7020473052391156,1.265959415578955,4.301567910906806,15,5.882724924467616,10.650400018132586,1.8104544125568895,-0.015063422652022342,4.7676750936649706,25,0.24789060887322112,1.7865799736939278,0.5145682296318659,1.7609363496638901,0.45945465816433884,1.7658988383799776,0.3676436410316605,1.7744520065458218
81,6.211666039146562,9.832158678329987,1.58285371692018,2.472951492930985,3.620492639183426,15,5.861953231541211,10.401070209347257,1.7743001508169347,0.36780283234679934,4.539116977806046,30,0.13884509576616058,1.7957873516582465,0.09675300632122445,1.7997851050303175,2.061486378584278,1.562334654886116,-2.11845102757124,1.9510413674607119
82,6.322060134038783,9.878205836305407,1.5624979242319887,2.064048829549015,3.5561457022666234,15,6.154252145540434,10.273421790669525,1.669451570618341,1.867809430546259,4.119169645129091,30,1.10966615222164,1.713039160397491,2.772444488555607,1.6405056279373862,2.0349380181217622,1.5606108425651124,0.6293035583641229,1.754828797767468
83,6.084722324238564,10.28950863445946,1.691039966354928,1.4426706047815718,4.204786310220896,14,6.390069404195718,10.128535704736352,1.5983090324735783,0.827178203498883,3.738466300540634,6,1.8955655923495969,1.6710095192291692,1.4101813853062102,1.6929778013821233,1.9072866475205135,1.667416842722955,1.7077144095301398,1.5893061288502084
84,5.784776000356873,9.91096766261331,1.7132846046246017,1.1019785901393973,4.126191662256437,15,5.736586412777807,10.236689637781193,1.7851108562762734,0.25896031233568967,4.500103225003387,17,0.6659235681708375,1.7480911596555648,0.33037208506306676,1.7777531114513585,3.4180309398143645,1.630156322119245,-0.5671732984303419,1.8598450137535698
85,5.922370040060089,10.664386308937498,1.8006957074281862,0.0871968548442939,4.742016268877409,15,5.446882156100527,10.42353120156049,1.9177256640052212,-2.123272131217435,4.976649045459961,30,-1.4864460137074598,1.931095686271942,-2.517714484844334,2.033505134013534,1.4021588633710562,1.6934622516196576,-1.5085606621800371,1.9109440030479603
86,5.7320853331462835,10.639234181225024,1.856084402599997,-0.5032554755712558,4.907148848078741,15,5.974773344402878,10.569107286854736,1.7689523813893755,0.4260915237972941,4.5943339424518586,14,0.6269787602665854,1.7510329916180436,0.10571363624422636,1.7989316309413892,-0.18190207360330568,1.8263393590084727,0.9783246611649056,1.7226784669716577
87,6.531343342494187,9.489935492048097,1.4529837116822102,1.1982284425376841,2.95859214955391,15,5.816562611240041,9.970754595970321,1.7144293662780765,1.1082408025691435,4.15419198473028,29,0.9298951439819492,1.7336671558908372,0.4547845481051549,1.7663222854524154,1.3890042068492712,1.4911709788676644,1.337065493200992,1.6984151539644976
88,5.668071179508077,10.466577221886851,1.8465853533609344,-0.39861661107169677,4.798506042378774,14,5.58455303711534,10.300325919620644,1.8444568342217638,-0.37609087396399277,4.715772882505304,25,-0.17401847938072723,1.8247761207516466,-0.0251085783123847,1.8114145242944355,0.08410908353651238,1.8009900231555935,-0.1098447046057005,1.8189746293435316
89,5.789654099451856,9.435797636861304,1.6297688039350489,3.4515675845769893,3.646143537409448,15,5.690819452342794,10.349512496131798,1.8187976176694154,-0.10311702295317178,4.658693043789004,37,0.5521999494889918,1.7575871905984377,0.5251321345405003,1.7599927852326147,3.8215928289095764,1.626217179213146,0.19727673886776614,1.7950989982345305
92,6.427076131538181,9.802531066344983,1.5251929284364896,1.632019554188555,3.375454934806802,15,6.1486610410974665,10.234034667127807,1.6664653785087336,1.7550138645079527,4.08537362603034,35,1.8178899182650456,1.5163820139812925,0.8871161148564704,1.729455505683855,0.9685750989237563,1.384299598938117,2.2163361564148225,1.6060263625225741
93,5.489800540812969,10.238929669520815,1.8650822727349143,-0.6049186342487665,4.749129128707845,15,5.683801310355535,10.535051063021236,1.8546036516609874,-0.5242747847097914,4.8512497526657,30,-0.7993926148408407,1.8753096795191393,0.19750254257632843,1.7902182473768653,-0.9255112904683946,1.891584194762672,-2.7802821402435196,2.015916397888142
94,6.226144607245372,10.495528056268263,1.685718645862257,1.5354290933043016,4.269383449022891,15,5.967835372374433,11.282467946900528,1.8910003195241782,-0.9237677389797778,5.314632574526094,5,-0.7701629414565166,1.8791256122158329,0.6367355508430079,1.750188439913664,1.6408725712587044,1.680044782852851,1.2920190355635206,1.7225265013556084
95,5.6616198899157855,11.488017141625608,2.029104278457042,-2.6478790316736776,5.826397251709823,14,5.7081747186920335,10.608236410486874,1.8639779085526977,-1.0245184740502387,4.900061691794842,25,-0.6137668142518005,1.8622275605306582,-1.662509842274903,1.9391049280467556,-1.5076248916648083,1.9307529804288617,-0.9265797301637578,1.867621231653076
98,5.986522113364691,10.245571765166673,1.7114397259627272,1.1279512166566878,4.259049651801982,15,5.943721588447701,10.50129622711014,1.7668101281984843,0.45844990563259214,4.557574638662439,30,1.2184062948461283,1.7082565282319755,-0.3763869719466675,1.844540364274824,2.668017963129329,1.642818666432606,1.1421498673070873,1.71261335414128
99,6.100188547776759,9.784230470965024,1.6039226319538813,3.334629646313401,3.684041923188265,15,6.103838814070528,9.868700546715829,1.6177785686754924,1.9111699125642971,3.7648617326453,28,2.718294124928131,1.6118556646416526,1.5087531485074603,1.5095545136664024,1.3582568100217591,1.4858387124662322,1.3325852783871477,1.5603686333196691
100,6.065668438712693,10.532718613434847,1.7364481293128822,0.8000620555617056,4.467050174722154,15,5.860619675089128,10.3194456496092,1.760843741391294,0.5338216930783701,4.458825974520071,11,-0.5913405709588591,1.8572337628315843,-0.45118123389175685,1.8513846819737911,0.2962298815700499,1.7809346154993961,0.7592258165088228,1.7398230210103023
101,5.859321611696171,10.742298292404543,1.8333689468352696,-0.25641265446472034,4.8829766807083725,14,5.9309181921875265,10.100328962678178,1.702998651815931,1.255853416695088,4.169410770490652,25,0.9044739183896896,1.729035676114782,1.6257584611210727,1.6808338756280075,0.13119109441977983,1.7965072966102165,0.347905583203915,1.7770104890482115
102,6.231342510118074,9.539409938519928,1.5308755573988135,1.683140556721847,3.308067428401854,15,6.026373865777076,10.238901489422334,1.6993798727481146,1.346309605000768,4.212527623645258,30,2.5438676106417435,1.6520426583186374,0.6941448227973538,1.7452713253790733,2.343946161010941,1.5774954069869844,1.1422017449174229,1.7139410593078035
103,6.3906544090237025,9.993022611570227,1.5636931637955458,2.083069963364586,3.6023682025465247,9,6.217025035543735,9.910767258731738,1.5941324539126023,2.83209891410194,3.6937422231880044,21,4.060615012908647,1.621076263737445,2.2404354061633356,1.6547705959453585,1.3258089376188071,1.4799022540159463,1.8758996653986113,1.5488937151783935
104,6.449875758537163,9.814271538116444,1.5216217963774124,1.6017689700969697,3.3643957795792803,15,5.8786749395907165,10.263080742510233,1.7458141366398434,0.6916250216634695,4.384405802919517,30,0.6227367531045562,1.7529184366890544,1.1426659798158956,1.7104052953282387,1.6632461353952357,1.6788913816258635,-1.6247718588379216,1.923626245324536
105,6.194819603758339,9.93161414173434,1.6032128095721985,3.2873429093527706,3.7367945379760004,15,5.943506648208299,9.734936267518698,1.6414023060208403,1.4818176605092066,3.791429619310398,30,1.2809868986296031,1.6011769223177792,1.7533874648809262,1.6744199827956154,2.654449455729872,1.5891347315913114,-0.2130575394763615,1.829274795792993
106,6.347503353003335,10.133233074351649,1.5964124019811803,2.926701356534498,3.7857297213483143,15,5.869752642920161,9.987702152248149,1.70155418121322,1.2734999762256323,4.117949509327988,8,3.140950837553798,1.6635659398991303,1.0205886014699692,1.7192216605291653,2.8283658226330135,1.5940378200577259,0.8062238404968587,1.7359452752086921
107,6.347463806901884,10.033111143914889,1.5806488148865747,2.41743451444058,3.6856473370130045,15,6.356264222959428,9.836674907736683,1.5478917171497708,2.0659103777221834,3.4804106847772553,25,2.705859343276962,1.6279827142754604,2.527378985524615,1.6462845621953512,1.8794709759315082,1.5492117653699378,3.027331642520019,1.607027373317662
108,6.133368462278004,10.579551010155683,1.7249169155942596,0.9453390833372385,4.446182547877679,15,5.635271651968145,10.396257609321989,1.844854738403081,-0.3797982067982633,4.760985957353844,12,-0.8884580315724155,1.8886843565417715,,,1.1365900159968894,1.7108314807638905,-0.07187479771549916,1.815877473648769
109,5.817659852214282,11.441826018188802,1.9667402888523784,-2.3498832318692617,5.62416616597452,14,5.805485433747438,10.112706972964027,1.7426710649077481,0.8197381128334496,4.307221539216589,29,-0.19079722252646883,1.8271788806208935,-0.08063273759169767,1.8167125666295498,-0.5002025284375604,1.855810475850887,-0.45240422198954555,1.8513242865368655
